-- Sample Data for Toto Infotainment
-- Run this after running supabase_schema.sql
--
-- IMPORTANT: Replace ryxeculvhjqugxaqscui with your actual Supabase project reference
-- The URL format is: https://ryxeculvhjqugxaqscui.supabase.co/storage/v1/object/public/{bucket}/{path}
-- Example: https://abcdefghijklmnop.supabase.co/storage/v1/object/public/images/stories/brave-toto-boy.png
--
-- Storage Bucket Structure:
-- - images/stories/ - Story images
-- - images/words/ - Word images  
-- - images/concepts/ - Concept slide images
-- - images/gk/ - GK images
-- - audio/stories/ - Story audio files
-- - audio/words/ - Word audio files
-- - audio/concepts/ - Concept slide audio files
-- - audio/gk/ - GK audio files

-- Insert Folk Stories
INSERT INTO stories (id, title, type, english_narration, toto_narration, tone, duration, cultural_meaning, suggested_image, image_url, audio_english_url, audio_toto_url) VALUES
('550e8400-e29b-41d4-a716-446655440001', 'The Brave Toto Boy', 'Folk Story', 'Once upon a time in a Toto village near the forest, a young boy named Ruba heard his village drum beating loudly. A tiger had entered the farms! Instead of running away, Ruba took his small drum and beat it bravely to distract the tiger. Hearing the sound, the elders came running and chased it away. The village called Ruba ''The Brave Toto Boy''. From that day, he became a symbol of courage and unity.', NULL, 'Storytelling, inspiring', '2–3 min', 'Bravery and unity protect the community', 'A boy with drum, tiger in background', 'https://ryxeculvhjqugxaqscui.supabase.co/storage/v1/object/public/images/stories/story_001.png', 'https://ryxeculvhjqugxaqscui.supabase.co/storage/v1/object/public/audio/stories/story_001_eng.mp3', 'https://ryxeculvhjqugxaqscui.supabase.co/storage/v1/object/public/audio/stories/story_001_toto.mp3'),
('550e8400-e29b-41d4-a716-446655440002', 'The River and the Drum', 'Folk Story', 'Long ago, the Toto people believed the river had a soul. Every evening, the sound of the drum from the village echoed across the water. The river loved the sound so much that it flowed gently, bringing fresh fish to the people. But one year, the drummers stopped playing. The river became sad and dry. When the villagers realized, they played the drum again — and the river danced back with joy.', NULL, 'Calm, poetic', '2–3 min', 'Nature listens to our actions, respect and stay connected to it', 'River flowing near drummer under moonlight', 'https://ryxeculvhjqugxaqscui.supabase.co/storage/v1/object/public/images/stories/story_002.png', 'https://ryxeculvhjqugxaqscui.supabase.co/storage/v1/object/public/audio/stories/story_002_eng.mp3', 'https://ryxeculvhjqugxaqscui.supabase.co/storage/v1/object/public/audio/stories/story_002_toto.mp3');

-- Insert Words (Language Learning)
INSERT INTO words (id, english_word, category, english_narration, toto_narration, tone, file_name_eng, file_name_toto, audio_english_url, audio_toto_url, use_case_sentence, image_url) VALUES
('660e8400-e29b-41d4-a716-446655440001', 'Sun', 'Nature', 'Sun', NULL, 'Cheerful', 'word_001_eng.mp3', 'word_001_toto.mp3', 'https://ryxeculvhjqugxaqscui.supabase.co/storage/v1/object/public/audio/words/word_001_eng.mp3', 'https://ryxeculvhjqugxaqscui.supabase.co/storage/v1/object/public/audio/words/word_001_toto.mp3', 'The sun is bright.', 'https://ryxeculvhjqugxaqscui.supabase.co/storage/v1/object/public/images/words/sun.png'),
('660e8400-e29b-41d4-a716-446655440002', 'Moon', 'Nature', 'Moon', NULL, 'Calm', 'word_002_eng.mp3', 'word_002_toto.mp3', 'https://ryxeculvhjqugxaqscui.supabase.co/storage/v1/object/public/audio/words/word_002_eng.mp3', 'https://ryxeculvhjqugxaqscui.supabase.co/storage/v1/object/public/audio/words/word_002_toto.mp3', 'The moon shines at night.', 'https://ryxeculvhjqugxaqscui.supabase.co/storage/v1/object/public/images/words/moon.png'),
('660e8400-e29b-41d4-a716-446655440003', 'Star', 'Nature', 'Star', NULL, 'Gentle', 'word_003_eng.mp3', 'word_003_toto.mp3', 'https://ryxeculvhjqugxaqscui.supabase.co/storage/v1/object/public/audio/words/word_003_eng.mp3', 'https://ryxeculvhjqugxaqscui.supabase.co/storage/v1/object/public/audio/words/word_003_toto.mp3', 'The star twinkles in the sky.', 'https://ryxeculvhjqugxaqscui.supabase.co/storage/v1/object/public/images/words/star.png'),
('660e8400-e29b-41d4-a716-446655440004', 'Apple', 'Food', 'Apple', NULL, 'Clear', 'word_021_eng.mp3', 'word_021_toto.mp3', 'https://ryxeculvhjqugxaqscui.supabase.co/storage/v1/object/public/audio/words/word_021_eng.mp3', 'https://ryxeculvhjqugxaqscui.supabase.co/storage/v1/object/public/audio/words/word_021_toto.mp3', 'I eat an apple.', 'https://ryxeculvhjqugxaqscui.supabase.co/storage/v1/object/public/images/words/apple.png'),
('660e8400-e29b-41d4-a716-446655440005', 'Banana', 'Food', 'Banana', NULL, 'Cheerful', 'word_022_eng.mp3', 'word_022_toto.mp3', 'https://ryxeculvhjqugxaqscui.supabase.co/storage/v1/object/public/audio/words/word_022_eng.mp3', 'https://ryxeculvhjqugxaqscui.supabase.co/storage/v1/object/public/audio/words/word_022_toto.mp3', 'I like a banana.', 'https://ryxeculvhjqugxaqscui.supabase.co/storage/v1/object/public/images/words/banana.png'),
('660e8400-e29b-41d4-a716-446655440006', 'Rice', 'Food', 'Rice', NULL, 'Calm', 'word_023_eng.mp3', 'word_023_toto.mp3', 'https://ryxeculvhjqugxaqscui.supabase.co/storage/v1/object/public/audio/words/word_023_eng.mp3', 'https://ryxeculvhjqugxaqscui.supabase.co/storage/v1/object/public/audio/words/word_023_toto.mp3', 'We cook rice.', 'https://ryxeculvhjqugxaqscui.supabase.co/storage/v1/object/public/images/words/rice.png'),
('660e8400-e29b-41d4-a716-446655440007', 'Water', 'Nature', 'Water', NULL, 'Clear', 'word_002_eng.mp3', 'word_002_toto.mp3', 'https://ryxeculvhjqugxaqscui.supabase.co/storage/v1/object/public/audio/words/word_002_eng.mp3', 'https://ryxeculvhjqugxaqscui.supabase.co/storage/v1/object/public/audio/words/word_002_toto.mp3', 'Drink water', 'https://ryxeculvhjqugxaqscui.supabase.co/storage/v1/object/public/images/words/water.png'),
('660e8400-e29b-41d4-a716-446655440008', 'Tree', 'Nature', 'Tree', NULL, 'Calm', 'word_004_eng.mp3', 'word_004_toto.mp3', 'https://ryxeculvhjqugxaqscui.supabase.co/storage/v1/object/public/audio/words/word_004_eng.mp3', 'https://ryxeculvhjqugxaqscui.supabase.co/storage/v1/object/public/audio/words/word_004_toto.mp3', 'Big tree', 'https://ryxeculvhjqugxaqscui.supabase.co/storage/v1/object/public/images/words/tree.png'),
('660e8400-e29b-41d4-a716-446655440009', 'Dog', 'Animals', 'Dog', NULL, 'Cheerful', 'word_005_eng.mp3', 'word_005_toto.mp3', 'https://ryxeculvhjqugxaqscui.supabase.co/storage/v1/object/public/audio/words/word_005_eng.mp3', 'https://ryxeculvhjqugxaqscui.supabase.co/storage/v1/object/public/audio/words/word_005_toto.mp3', 'The dog barks', 'https://ryxeculvhjqugxaqscui.supabase.co/storage/v1/object/public/images/words/dog.png'),
('660e8400-e29b-41d4-a716-446655440010', 'Hand', 'Body', 'Hand', NULL, 'Clear', 'word_006_eng.mp3', 'word_006_toto.mp3', 'https://ryxeculvhjqugxaqscui.supabase.co/storage/v1/object/public/audio/words/word_006_eng.mp3', 'https://ryxeculvhjqugxaqscui.supabase.co/storage/v1/object/public/audio/words/word_006_toto.mp3', 'Wash your hands', 'https://ryxeculvhjqugxaqscui.supabase.co/storage/v1/object/public/images/words/hand.png'),
('660e8400-e29b-41d4-a716-446655440011', 'Book', 'Objects', 'Book', NULL, 'Calm', 'word_007_eng.mp3', 'word_007_toto.mp3', 'https://ryxeculvhjqugxaqscui.supabase.co/storage/v1/object/public/audio/words/word_007_eng.mp3', 'https://ryxeculvhjqugxaqscui.supabase.co/storage/v1/object/public/audio/words/word_007_toto.mp3', 'Read the book', 'https://ryxeculvhjqugxaqscui.supabase.co/storage/v1/object/public/images/words/book.png'),
('660e8400-e29b-41d4-a716-446655440012', 'Cat', 'Animals', 'Cat', NULL, 'Gentle', 'word_009_eng.mp3', 'word_009_toto.mp3', 'https://ryxeculvhjqugxaqscui.supabase.co/storage/v1/object/public/audio/words/word_009_eng.mp3', 'https://ryxeculvhjqugxaqscui.supabase.co/storage/v1/object/public/audio/words/word_009_toto.mp3', 'The cat meows', 'https://ryxeculvhjqugxaqscui.supabase.co/storage/v1/object/public/images/words/cat.png'),
('660e8400-e29b-41d4-a716-446655440013', 'Flower', 'Nature', 'Flower', NULL, 'Cheerful', 'word_010_eng.mp3', 'word_010_toto.mp3', 'https://ryxeculvhjqugxaqscui.supabase.co/storage/v1/object/public/audio/words/word_010_eng.mp3', 'https://ryxeculvhjqugxaqscui.supabase.co/storage/v1/object/public/audio/words/word_010_toto.mp3', 'Beautiful flower', 'https://ryxeculvhjqugxaqscui.supabase.co/storage/v1/object/public/images/words/flower.png');

-- Insert Concepts
INSERT INTO concepts (id, title) VALUES
('770e8400-e29b-41d4-a716-446655440001', 'Evaporation'),
('770e8400-e29b-41d4-a716-446655440002', 'Plant Growth'),
('770e8400-e29b-41d4-a716-446655440003', 'Food Sources'),
('770e8400-e29b-41d4-a716-446655440004', 'Seasons and Monsoon'),
('770e8400-e29b-41d4-a716-446655440005', 'Water Cycle'),
('770e8400-e29b-41d4-a716-446655440006', 'Photosynthesis'),
('770e8400-e29b-41d4-a716-446655440007', 'Seasons');

-- Insert Concept Slides - Evaporation
INSERT INTO concept_slides (concept_id, slide_number, scene_description, english_narration, toto_narration, notes, file_name_eng, file_name_toto, audio_english_url, audio_toto_url, image_url) VALUES
('770e8400-e29b-41d4-a716-446655440001', 1, 'Sun shining over a pond', 'When the sun shines, the water in ponds and rivers becomes warm.', NULL, 'Calm tone, explanatory', 'concept_001_slide_001_eng.mp3', 'concept_001_slide_001_toto.mp3', 'https://ryxeculvhjqugxaqscui.supabase.co/storage/v1/object/public/audio/concepts/concept_001_slide_001_eng.mp3', 'https://ryxeculvhjqugxaqscui.supabase.co/storage/v1/object/public/audio/concepts/concept_001_slide_001_toto.mp3', 'https://ryxeculvhjqugxaqscui.supabase.co/storage/v1/object/public/images/concepts/concept_001_slide_001.png'),
('770e8400-e29b-41d4-a716-446655440001', 2, 'Steam rising from the water', 'This warm water slowly changes into vapor and rises into the air.', NULL, 'Emphasize "vapor" clearly', 'concept_001_slide_002_eng.mp3', 'concept_001_slide_002_toto.mp3', 'https://ryxeculvhjqugxaqscui.supabase.co/storage/v1/object/public/audio/concepts/concept_001_slide_002_eng.mp3', 'https://ryxeculvhjqugxaqscui.supabase.co/storage/v1/object/public/audio/concepts/concept_001_slide_002_toto.mp3', 'https://ryxeculvhjqugxaqscui.supabase.co/storage/v1/object/public/images/concepts/concept_001_slide_002.png'),
('770e8400-e29b-41d4-a716-446655440001', 3, 'Clouds forming in the sky', 'The vapor forms clouds in the sky. This process is called evaporation.', NULL, 'End slightly upbeat, educational finish', 'concept_001_slide_003_eng.mp3', 'concept_001_slide_003_toto.mp3', 'https://ryxeculvhjqugxaqscui.supabase.co/storage/v1/object/public/audio/concepts/concept_001_slide_003_eng.mp3', 'https://ryxeculvhjqugxaqscui.supabase.co/storage/v1/object/public/audio/concepts/concept_001_slide_003_toto.mp3', 'https://ryxeculvhjqugxaqscui.supabase.co/storage/v1/object/public/images/concepts/concept_001_slide_003.png');

-- Insert Concept Slides - Plant Growth
INSERT INTO concept_slides (concept_id, slide_number, scene_description, english_narration, toto_narration, notes, file_name_eng, file_name_toto, audio_english_url, audio_toto_url, image_url) VALUES
('770e8400-e29b-41d4-a716-446655440002', 1, 'Seed planted in soil', 'A tiny seed is planted in the soil. It gets water and sunlight.', NULL, 'Calm, nurturing tone', 'concept_002_slide_001_eng.mp3', 'concept_002_slide_001_toto.mp3', 'https://ryxeculvhjqugxaqscui.supabase.co/storage/v1/object/public/audio/concepts/concept_002_slide_001_eng.mp3', 'https://ryxeculvhjqugxaqscui.supabase.co/storage/v1/object/public/audio/concepts/concept_002_slide_001_toto.mp3', 'https://ryxeculvhjqugxaqscui.supabase.co/storage/v1/object/public/images/concepts/concept_002_slide_001.png'),
('770e8400-e29b-41d4-a716-446655440002', 2, 'Sprout growing up', 'Slowly, the seed grows roots and a small green sprout comes out.', NULL, 'Speak softly with wonder', 'concept_002_slide_002_eng.mp3', 'concept_002_slide_002_toto.mp3', 'https://ryxeculvhjqugxaqscui.supabase.co/storage/v1/object/public/audio/concepts/concept_002_slide_002_eng.mp3', 'https://ryxeculvhjqugxaqscui.supabase.co/storage/v1/object/public/audio/concepts/concept_002_slide_002_toto.mp3', 'https://ryxeculvhjqugxaqscui.supabase.co/storage/v1/object/public/images/concepts/concept_002_slide_002.png'),
('770e8400-e29b-41d4-a716-446655440002', 3, 'Plant with leaves', 'With time and care, the sprout becomes a big plant with leaves and flowers.', NULL, 'End happily, like a story finish', 'concept_002_slide_003_eng.mp3', 'concept_002_slide_003_toto.mp3', 'https://ryxeculvhjqugxaqscui.supabase.co/storage/v1/object/public/audio/concepts/concept_002_slide_003_eng.mp3', 'https://ryxeculvhjqugxaqscui.supabase.co/storage/v1/object/public/audio/concepts/concept_002_slide_003_toto.mp3', 'https://ryxeculvhjqugxaqscui.supabase.co/storage/v1/object/public/images/concepts/concept_002_slide_003.png');

-- Insert Concept Slides - Food Sources
INSERT INTO concept_slides (concept_id, slide_number, scene_description, english_narration, toto_narration, notes, file_name_eng, file_name_toto, audio_english_url, audio_toto_url, image_url) VALUES
('770e8400-e29b-41d4-a716-446655440003', 1, 'Farmer in a field', 'Farmers grow crops like rice, wheat, and vegetables in their fields.', NULL, 'Neutral, informative', 'concept_003_slide_001_eng.mp3', 'concept_003_slide_001_toto.mp3', 'https://ryxeculvhjqugxaqscui.supabase.co/storage/v1/object/public/audio/concepts/concept_003_slide_001_eng.mp3', 'https://ryxeculvhjqugxaqscui.supabase.co/storage/v1/object/public/audio/concepts/concept_003_slide_001_toto.mp3', 'https://ryxeculvhjqugxaqscui.supabase.co/storage/v1/object/public/images/concepts/concept_003_slide_001.png'),
('770e8400-e29b-41d4-a716-446655440003', 2, 'Animals grazing', 'Animals give us food too, cows give milk, hens give eggs, and fish live in rivers.', NULL, 'Slightly lively tone', 'concept_003_slide_002_eng.mp3', 'concept_003_slide_002_toto.mp3', 'https://ryxeculvhjqugxaqscui.supabase.co/storage/v1/object/public/audio/concepts/concept_003_slide_002_eng.mp3', 'https://ryxeculvhjqugxaqscui.supabase.co/storage/v1/object/public/audio/concepts/concept_003_slide_002_toto.mp3', 'https://ryxeculvhjqugxaqscui.supabase.co/storage/v1/object/public/images/concepts/concept_003_slide_002.png'),
('770e8400-e29b-41d4-a716-446655440003', 3, 'Family eating together', 'All this food helps us grow strong and healthy. We should never waste it.', NULL, 'Soft tone, moral closing', 'concept_003_slide_003_eng.mp3', 'concept_003_slide_003_toto.mp3', 'https://ryxeculvhjqugxaqscui.supabase.co/storage/v1/object/public/audio/concepts/concept_003_slide_003_eng.mp3', 'https://ryxeculvhjqugxaqscui.supabase.co/storage/v1/object/public/audio/concepts/concept_003_slide_003_toto.mp3', 'https://ryxeculvhjqugxaqscui.supabase.co/storage/v1/object/public/images/concepts/concept_003_slide_003.png');

-- Insert Concept Slides - Seasons and Monsoon
INSERT INTO concept_slides (concept_id, slide_number, scene_description, english_narration, toto_narration, notes, file_name_eng, file_name_toto, audio_english_url, audio_toto_url, image_url) VALUES
('770e8400-e29b-41d4-a716-446655440004', 1, 'Sun and rain clouds', 'Sometimes the sun shines bright, and sometimes clouds bring rain.', NULL, 'Joyful, expressive', 'concept_004_slide_001_eng.mp3', 'concept_004_slide_001_toto.mp3', 'https://ryxeculvhjqugxaqscui.supabase.co/storage/v1/object/public/audio/concepts/concept_004_slide_001_eng.mp3', 'https://ryxeculvhjqugxaqscui.supabase.co/storage/v1/object/public/audio/concepts/concept_004_slide_001_toto.mp3', 'https://ryxeculvhjqugxaqscui.supabase.co/storage/v1/object/public/images/concepts/concept_004_slide_001.png'),
('770e8400-e29b-41d4-a716-446655440004', 2, 'Children playing in rain', 'In the monsoon, rain helps plants grow and fills our rivers.', NULL, 'Gentle, happy tone', 'concept_004_slide_002_eng.mp3', 'concept_004_slide_002_toto.mp3', 'https://ryxeculvhjqugxaqscui.supabase.co/storage/v1/object/public/audio/concepts/concept_004_slide_002_eng.mp3', 'https://ryxeculvhjqugxaqscui.supabase.co/storage/v1/object/public/audio/concepts/concept_004_slide_002_toto.mp3', 'https://ryxeculvhjqugxaqscui.supabase.co/storage/v1/object/public/images/concepts/concept_004_slide_002.png'),
('770e8400-e29b-41d4-a716-446655440004', 3, 'Snowy mountain scene', 'In some places, the weather becomes cold and snowy. Each season is special.', NULL, 'Calm, concluding tone', 'concept_004_slide_003_eng.mp3', 'concept_004_slide_003_toto.mp3', 'https://ryxeculvhjqugxaqscui.supabase.co/storage/v1/object/public/audio/concepts/concept_004_slide_003_eng.mp3', 'https://ryxeculvhjqugxaqscui.supabase.co/storage/v1/object/public/audio/concepts/concept_004_slide_003_toto.mp3', 'https://ryxeculvhjqugxaqscui.supabase.co/storage/v1/object/public/images/concepts/concept_004_slide_003.png');

-- Insert Concept Slides - Water Cycle
INSERT INTO concept_slides (concept_id, slide_number, scene_description, english_narration, toto_narration, notes, file_name_eng, file_name_toto, audio_english_url, audio_toto_url, image_url) VALUES
('770e8400-e29b-41d4-a716-446655440005', 1, 'Water evaporating from sea', 'The heat of the sun makes water from seas and rivers turn into vapor.', NULL, 'Clear, scientific tone', 'concept_005_slide_001_eng.mp3', 'concept_005_slide_001_toto.mp3', 'https://ryxeculvhjqugxaqscui.supabase.co/storage/v1/object/public/audio/concepts/concept_005_slide_001_eng.mp3', 'https://ryxeculvhjqugxaqscui.supabase.co/storage/v1/object/public/audio/concepts/concept_005_slide_001_toto.mp3', 'https://ryxeculvhjqugxaqscui.supabase.co/storage/v1/object/public/images/concepts/concept_005_slide_001.png'),
('770e8400-e29b-41d4-a716-446655440005', 2, 'Clouds forming and moving', 'The vapor cools down high up in the sky and forms clouds.', NULL, 'Neutral tone', 'concept_005_slide_002_eng.mp3', 'concept_005_slide_002_toto.mp3', 'https://ryxeculvhjqugxaqscui.supabase.co/storage/v1/object/public/audio/concepts/concept_005_slide_002_eng.mp3', 'https://ryxeculvhjqugxaqscui.supabase.co/storage/v1/object/public/audio/concepts/concept_005_slide_002_toto.mp3', 'https://ryxeculvhjqugxaqscui.supabase.co/storage/v1/object/public/images/concepts/concept_005_slide_002.png'),
('770e8400-e29b-41d4-a716-446655440005', 3, 'Rain falling back to earth', 'When the clouds get heavy, it rains again. The water returns to rivers, this is the water cycle.', NULL, 'Calm, explanatory ending', 'concept_005_slide_003_eng.mp3', 'concept_005_slide_003_toto.mp3', 'https://ryxeculvhjqugxaqscui.supabase.co/storage/v1/object/public/audio/concepts/concept_005_slide_003_eng.mp3', 'https://ryxeculvhjqugxaqscui.supabase.co/storage/v1/object/public/audio/concepts/concept_005_slide_003_toto.mp3', 'https://ryxeculvhjqugxaqscui.supabase.co/storage/v1/object/public/images/concepts/concept_005_slide_003.png');

-- Insert Concept Slides - Photosynthesis
INSERT INTO concept_slides (concept_id, slide_number, scene_description, english_narration, toto_narration, notes, file_name_eng, file_name_toto, audio_english_url, audio_toto_url, image_url) VALUES
('770e8400-e29b-41d4-a716-446655440006', 1, 'Sunlight on leaves', 'Plants make their own food using sunlight, air, and water.', NULL, 'Calm, factual', 'concept_006_slide_001_eng.mp3', 'concept_006_slide_001_toto.mp3', 'https://ryxeculvhjqugxaqscui.supabase.co/storage/v1/object/public/audio/concepts/concept_006_slide_001_eng.mp3', 'https://ryxeculvhjqugxaqscui.supabase.co/storage/v1/object/public/audio/concepts/concept_006_slide_001_toto.mp3', 'https://ryxeculvhjqugxaqscui.supabase.co/storage/v1/object/public/images/concepts/concept_006_slide_001.png'),
('770e8400-e29b-41d4-a716-446655440006', 2, 'Leaf zoom-in', 'This process is called photosynthesis.', NULL, 'Slow, clear voice', 'concept_006_slide_002_eng.mp3', 'concept_006_slide_002_toto.mp3', 'https://ryxeculvhjqugxaqscui.supabase.co/storage/v1/object/public/audio/concepts/concept_006_slide_002_eng.mp3', 'https://ryxeculvhjqugxaqscui.supabase.co/storage/v1/object/public/audio/concepts/concept_006_slide_002_toto.mp3', 'https://ryxeculvhjqugxaqscui.supabase.co/storage/v1/object/public/images/concepts/concept_006_slide_002.png'),
('770e8400-e29b-41d4-a716-446655440006', 3, 'Happy green plant', 'That''s why sunlight and water are very important for plants.', NULL, 'Educational tone', 'concept_006_slide_003_eng.mp3', 'concept_006_slide_003_toto.mp3', 'https://ryxeculvhjqugxaqscui.supabase.co/storage/v1/object/public/audio/concepts/concept_006_slide_003_eng.mp3', 'https://ryxeculvhjqugxaqscui.supabase.co/storage/v1/object/public/audio/concepts/concept_006_slide_003_toto.mp3', 'https://ryxeculvhjqugxaqscui.supabase.co/storage/v1/object/public/images/concepts/concept_006_slide_003.png');

-- Insert Concept Slides - Seasons
INSERT INTO concept_slides (concept_id, slide_number, scene_description, english_narration, toto_narration, notes, file_name_eng, file_name_toto, audio_english_url, audio_toto_url, image_url) VALUES
('770e8400-e29b-41d4-a716-446655440007', 1, 'Sun and clouds', 'The weather keeps changing — that''s why we have different seasons.', NULL, 'Calm tone', 'concept_007_slide_001_eng.mp3', 'concept_007_slide_001_toto.mp3', 'https://ryxeculvhjqugxaqscui.supabase.co/storage/v1/object/public/audio/concepts/concept_007_slide_001_eng.mp3', 'https://ryxeculvhjqugxaqscui.supabase.co/storage/v1/object/public/audio/concepts/concept_007_slide_001_toto.mp3', 'https://ryxeculvhjqugxaqscui.supabase.co/storage/v1/object/public/images/concepts/concept_007_slide_001.png'),
('770e8400-e29b-41d4-a716-446655440007', 2, 'Summer, monsoon, winter', 'Summer is hot, monsoon brings rain, and winter is cold.', NULL, 'Informative tone', 'concept_007_slide_002_eng.mp3', 'concept_007_slide_002_toto.mp3', 'https://ryxeculvhjqugxaqscui.supabase.co/storage/v1/object/public/audio/concepts/concept_007_slide_002_eng.mp3', 'https://ryxeculvhjqugxaqscui.supabase.co/storage/v1/object/public/audio/concepts/concept_007_slide_002_toto.mp3', 'https://ryxeculvhjqugxaqscui.supabase.co/storage/v1/object/public/images/concepts/concept_007_slide_002.png'),
('770e8400-e29b-41d4-a716-446655440007', 3, 'Flowers blooming', 'Each season is special and helps nature in its own way.', NULL, 'Warm conclusion', 'concept_007_slide_003_eng.mp3', 'concept_007_slide_003_toto.mp3', 'https://ryxeculvhjqugxaqscui.supabase.co/storage/v1/object/public/audio/concepts/concept_007_slide_003_eng.mp3', 'https://ryxeculvhjqugxaqscui.supabase.co/storage/v1/object/public/audio/concepts/concept_007_slide_003_toto.mp3', 'https://ryxeculvhjqugxaqscui.supabase.co/storage/v1/object/public/images/concepts/concept_007_slide_003.png');

-- Insert GK (General Knowledge)
INSERT INTO gk (id, title, english_narration, toto_narration, tone, image_description, image_url, file_name_eng, file_name_toto, audio_english_url, audio_toto_url) VALUES
('880e8400-e29b-41d4-a716-446655440001', 'The Sun', 'The sun gives us light and warmth every day.', NULL, 'Cheerful, clear', 'Sun in sky', 'https://ryxeculvhjqugxaqscui.supabase.co/storage/v1/object/public/images/gk/sun.png', 'gk_001_eng.mp3', 'gk_001_toto.mp3', 'https://ryxeculvhjqugxaqscui.supabase.co/storage/v1/object/public/audio/gk/gk_001_eng.mp3', 'https://ryxeculvhjqugxaqscui.supabase.co/storage/v1/object/public/audio/gk/gk_001_toto.mp3'),
('880e8400-e29b-41d4-a716-446655440002', 'The Moon', 'The moon shines bright in the night sky.', NULL, 'Calm, soft tone', 'Moon & stars', 'https://ryxeculvhjqugxaqscui.supabase.co/storage/v1/object/public/images/gk/moon.png', 'gk_002_eng.mp3', 'gk_002_toto.mp3', 'https://ryxeculvhjqugxaqscui.supabase.co/storage/v1/object/public/audio/gk/gk_002_eng.mp3', 'https://ryxeculvhjqugxaqscui.supabase.co/storage/v1/object/public/audio/gk/gk_002_toto.mp3'),
('880e8400-e29b-41d4-a716-446655440003', 'The Earth', 'The Earth is our home. It has land, water, and air.', NULL, 'Educational', 'Planet Earth', 'https://ryxeculvhjqugxaqscui.supabase.co/storage/v1/object/public/images/gk/earth.png', 'gk_003_eng.mp3', 'gk_003_toto.mp3', 'https://ryxeculvhjqugxaqscui.supabase.co/storage/v1/object/public/audio/gk/gk_003_eng.mp3', 'https://ryxeculvhjqugxaqscui.supabase.co/storage/v1/object/public/audio/gk/gk_003_toto.mp3'),
('880e8400-e29b-41d4-a716-446655440004', 'Trees', 'Trees give us oxygen and make the air fresh.', NULL, 'Calm, natural', 'Trees in forest', 'https://ryxeculvhjqugxaqscui.supabase.co/storage/v1/object/public/images/gk/trees.png', 'gk_004_eng.mp3', 'gk_004_toto.mp3', 'https://ryxeculvhjqugxaqscui.supabase.co/storage/v1/object/public/audio/gk/gk_004_eng.mp3', 'https://ryxeculvhjqugxaqscui.supabase.co/storage/v1/object/public/audio/gk/gk_004_toto.mp3'),
('880e8400-e29b-41d4-a716-446655440005', 'Rain', 'Rain helps plants grow and fills our rivers and ponds.', NULL, 'Gentle', 'Rain over plants', 'https://ryxeculvhjqugxaqscui.supabase.co/storage/v1/object/public/images/gk/rain.png', 'gk_005_eng.mp3', 'gk_005_toto.mp3', 'https://ryxeculvhjqugxaqscui.supabase.co/storage/v1/object/public/audio/gk/gk_005_eng.mp3', 'https://ryxeculvhjqugxaqscui.supabase.co/storage/v1/object/public/audio/gk/gk_005_toto.mp3'),
('880e8400-e29b-41d4-a716-446655440006', 'Animals', 'Animals are our friends. They help us in many ways.', NULL, 'Happy tone', 'Farm animals', 'https://ryxeculvhjqugxaqscui.supabase.co/storage/v1/object/public/images/gk/animals.png', 'gk_006_eng.mp3', 'gk_006_toto.mp3', 'https://ryxeculvhjqugxaqscui.supabase.co/storage/v1/object/public/audio/gk/gk_006_eng.mp3', 'https://ryxeculvhjqugxaqscui.supabase.co/storage/v1/object/public/audio/gk/gk_006_toto.mp3'),
('880e8400-e29b-41d4-a716-446655440007', 'Birds', 'Birds can fly high in the sky with their wings.', NULL, 'Joyful, lively', 'Flying bird', 'https://ryxeculvhjqugxaqscui.supabase.co/storage/v1/object/public/images/gk/birds.png', 'gk_007_eng.mp3', 'gk_007_toto.mp3', 'https://ryxeculvhjqugxaqscui.supabase.co/storage/v1/object/public/audio/gk/gk_007_eng.mp3', 'https://ryxeculvhjqugxaqscui.supabase.co/storage/v1/object/public/audio/gk/gk_007_toto.mp3'),
('880e8400-e29b-41d4-a716-446655440008', 'Fish', 'Fish live in water and breathe through their gills.', NULL, 'Calm', 'Fish in pond', 'https://ryxeculvhjqugxaqscui.supabase.co/storage/v1/object/public/images/gk/fish.png', 'gk_008_eng.mp3', 'gk_008_toto.mp3', 'https://ryxeculvhjqugxaqscui.supabase.co/storage/v1/object/public/audio/gk/gk_008_eng.mp3', 'https://ryxeculvhjqugxaqscui.supabase.co/storage/v1/object/public/audio/gk/gk_008_toto.mp3'),
('880e8400-e29b-41d4-a716-446655440009', 'Fire', 'Fire gives us heat but can be dangerous too.', NULL, 'Serious, educational', 'Campfire', 'https://ryxeculvhjqugxaqscui.supabase.co/storage/v1/object/public/images/gk/fire.png', 'gk_009_eng.mp3', 'gk_009_toto.mp3', 'https://ryxeculvhjqugxaqscui.supabase.co/storage/v1/object/public/audio/gk/gk_009_eng.mp3', 'https://ryxeculvhjqugxaqscui.supabase.co/storage/v1/object/public/audio/gk/gk_009_toto.mp3'),
('880e8400-e29b-41d4-a716-446655440010', 'Milk', 'Cows give us milk, which makes our bones strong.', NULL, 'Friendly', 'Cow & milk', 'https://ryxeculvhjqugxaqscui.supabase.co/storage/v1/object/public/images/gk/milk.png', 'gk_010_eng.mp3', 'gk_010_toto.mp3', 'https://ryxeculvhjqugxaqscui.supabase.co/storage/v1/object/public/audio/gk/gk_010_eng.mp3', 'https://ryxeculvhjqugxaqscui.supabase.co/storage/v1/object/public/audio/gk/gk_010_toto.mp3'),
('880e8400-e29b-41d4-a716-446655440011', 'Food', 'We eat food to get energy and stay healthy.', NULL, 'Warm, friendly', 'Fruits and rice', 'https://ryxeculvhjqugxaqscui.supabase.co/storage/v1/object/public/images/gk/food.png', 'gk_011_eng.mp3', 'gk_011_toto.mp3', 'https://ryxeculvhjqugxaqscui.supabase.co/storage/v1/object/public/audio/gk/gk_011_eng.mp3', 'https://ryxeculvhjqugxaqscui.supabase.co/storage/v1/object/public/audio/gk/gk_011_toto.mp3');

-- ============================================================================
-- NEXT STEPS: Upload Files to Supabase Storage
-- ============================================================================
-- 1. Before running this SQL, replace ryxeculvhjqugxaqscui with your actual 
--    Supabase project reference (found in your Supabase project settings)
--
-- 2. Create storage buckets in Supabase:
--    - Go to Storage > Create Bucket
--    - Create bucket named: "images" (public)
--    - Create bucket named: "audio" (public)
--
-- 3. Upload files to Supabase Storage with the following structure:
--
--    images/
--      ├── stories/
--      │   ├── story_001.png
--      │   └── story_002.png
--      ├── words/
--      │   ├── sun.png, moon.png, star.png, apple.png, banana.png, rice.png
--      │   ├── water.png, tree.png, dog.png, hand.png, book.png, cat.png, flower.png
--      ├── concepts/
--      │   ├── concept_001_slide_001.png through concept_007_slide_003.png
--      └── gk/
--          ├── sun.png, moon.png, earth.png, trees.png, rain.png
--          ├── animals.png, birds.png, fish.png, fire.png, milk.png, food.png
--
--    audio/
--      ├── stories/
--      │   ├── story_001_eng.mp3, story_001_toto.mp3
--      │   └── story_002_eng.mp3, story_002_toto.mp3
--      ├── words/
--      │   ├── word_001_eng.mp3, word_001_toto.mp3
--      │   ├── word_002_eng.mp3, word_002_toto.mp3
--      │   └── ... (all word audio files)
--      ├── concepts/
--      │   ├── concept_001_slide_001_eng.mp3, concept_001_slide_001_toto.mp3
--      │   └── ... (all concept slide audio files)
--      └── gk/
--          ├── gk_001_eng.mp3, gk_001_toto.mp3
--          └── ... (all GK audio files)
--
-- 4. After uploading files, replace ryxeculvhjqugxaqscui in this SQL file
--    with your actual project reference, then run this SQL script.
-- ============================================================================
